{"cameraMode":{"drawMode":0,"name":"Shaded","section":"Shading Mode"},"sceneLighting":true,"audioPlay":false,"sceneViewState":{"showFog":false,"showMaterialUpdate":false,"showSkybox":false,"showFlares":true,"showImageEffects":true,"showParticleSystems":true},"in2DMode":false,"pivot":{"x":0.2625422775745392,"y":0.08826000988483429,"z":0.08178286999464035},"rotation":{"x":0.14133106172084809,"y":-0.774196445941925,"z":0.1860429048538208,"w":0.5883005261421204},"size":17.76188087463379,"orthographic":false}