{"cameraMode":{"drawMode":0,"name":"Shaded","section":"Shading Mode"},"sceneLighting":false,"audioPlay":false,"sceneViewState":{"showFog":false,"showMaterialUpdate":false,"showSkybox":false,"showFlares":true,"showImageEffects":true,"showParticleSystems":true},"in2DMode":false,"pivot":{"x":-28.158649444580079,"y":-33.85063171386719,"z":21.16522216796875},"rotation":{"x":-0.0009580044425092638,"y":-0.9989190697669983,"z":0.04078797623515129,"w":-0.023690061643719674},"size":6.440214157104492,"orthographic":false}