{"cameraMode":{"drawMode":0,"name":"Shaded","section":"Shading Mode"},"sceneLighting":true,"audioPlay":false,"sceneViewState":{"showFog":false,"showMaterialUpdate":false,"showSkybox":false,"showFlares":true,"showImageEffects":true,"showParticleSystems":true},"in2DMode":false,"pivot":{"x":193.64370727539063,"y":-6.528881072998047,"z":-50.699867248535159},"rotation":{"x":0.01855490542948246,"y":-0.9814137816429138,"z":0.13061656057834626,"w":0.1395973414182663},"size":100.88928985595703,"orthographic":false}